{
  "users": [
    {
      "name": "Raddy Dulowa",
      "email": "dulowa@abv.bg",
      "password": "dulowa99",
      "age": "21",
      "errorMessage": "",
      "isActive": true,
      "isAdmin": true,
      "picture": "https://picsum.photos/200/300?random=1",
      "id": "5EWk4ET"
    },
    {
      "name": "Iren Bojkova",
      "email": "iren@abv.bg",
      "password": "iren",
      "age": "20",
      "errorMessage": "",
      "isActive": true,
      "isAdmin": false,
      "picture": "https://picsum.photos/200/300?random=1",
      "id": "bYINCwi"
    },
    {
      "name": "Dimitar Genchev",
      "email": "dimitar@abv.bg",
      "password": "dimitar",
      "age": "24",
      "errorMessage": "",
      "isActive": true,
      "isAdmin": false,
      "picture": "https://picsum.photos/200/300?random=1",
      "id": "iw7O2Op"
    },
    {
      "name": "Vessi Krasteva",
      "email": "vessi@abv.bg",
      "password": "vessi",
      "age": "20",
      "errorMessage": "",
      "isActive": true,
      "isAdmin": false,
      "picture": "https://picsum.photos/200/300?random=1",
      "id": "7nkc2QV"
    }
  ],
  "notes": [
    {
      "title": "Един се връща вкъщи..",
      "content": "Един се връща вкъщи и намира жена си с любовника ѝ в леглото. Втренчва се в тях с невярващ поглед, а жена му казва: - И сега какво - на кого ще повярваш, на безсрамните си мръсни очи, или на думите на любимата си жена?",
      "authorId": "5EWk4ET",
      "authorName": "Raddy Dulowa",
      "date": "2020-06-07T21:15:58.540Z",
      "status": "Active",
      "id": 1
    },
    {
      "title": " На зъболекар..",
      "content": "- Ходи ли на зъболекар?! – пита жената. \n- Ходих. Той ми извади тези два зъба. \n- Ама не те ли болеше само един? \n- Е, да, ама докторът нямаше дребни да ми върне…",
      "authorId": "bYINCwi",
      "authorName": "Iren Bojkova",
      "date": "2020-06-07T21:39:43.947Z",
      "status": "Active",
      "id": 3
    },
    {
      "title": "Жена влиза в хола..",
      "content": "Жена влиза в хола, където се намира съпругът ѝ, и казва: \n- Гоше, слез да изхвърлиш боклука! Гошето (с тежка въздишка): \n- Аре стига, ма, Марче, таман седнах.... Марчето (с разбиране и съчувствие): \n- А какво прави досега?\n Гошето: - Лежах!",
      "authorId": "iw7O2Op",
      "authorName": "Dimitar Genchev",
      "date": "2020-06-07T21:41:38.686Z",
      "status": "Active",
      "id": 4
    },
    {
      "title": "Мъж се прибира посреднощ...",
      "content": "Мъж се прибира посреднощ. \nЖена му: - Къде си бил бе, кво си правил, що закъсняваш? \n- Играхме шах бе, жена.\n - Ами защо миришеш на ракия?\n - Че на шах ли да ти мириша?",
      "authorId": "7nkc2QV",
      "authorName": "Vessi Krasteva",
      "date": "2020-06-07T21:43:26.157Z",
      "status": "Active",
      "id": 5
    },
    {
      "title": "Дистанционно обучение",
      "content": "Дистанционно обучение. Учителя: - Някой да отговори? - ... - Никой? Добре тогава почваме по азбучен ред, нека отговори: AngryKitty2008",
      "authorId": "5EWk4ET",
      "authorName": "Raddy Dulowa",
      "date": "2020-06-07T22:46:07.106Z",
      "status": "Active",
      "id": 6
    },
    {
      "title": "Иванчо",
      "content": "- Иванчо, къде загива цар Симеон Велики? - На 65-а страница в учебника, горе вдясно!   ",
      "authorId": "iw7O2Op",
      "authorName": "Dimitar Genchev",
      "date": "2020-06-08T09:37:30.416Z",
      "status": "Active",
      "id": 7
    }
  ]
}